,제목,코드,총리뷰수,마지막페이지
0, 암살 , 121048 , 39395 , 3940
1, 택시운전사 , 146469 , 48727 , 4873
2, 부산행 , 130966 , 58000 , 5801
3, 검사외전 , 130903 , 26864 , 2687
4, 국제시장 , 102875 , 40043 , 4005
5, 공조 , 142384 , 24739 , 2474
6, 히말라야 , 100647 , 20129 , 2013
7, 밀정 , 137952 , 23269 , 2327
8, 마스터 , 145162 , 21758 , 2176
9, 터널 , 141104 , 24542 , 2455
10, 내부자들 , 121788 , 24028 , 2403
11, 인천상륙작전 , 142822 , 39595 , 3960
12, 럭키 , 165795 , 8 , 1
13, 곡성 , 121051 , 44847 , 4485
14, 범죄도시 , 161242 , 28338 , 2834
15, 군함도 , 146506 , 53565 , 5357
16, 사도 , 121922 , 20240 , 2025
17, 연평해전 , 102272 , 28850 , 2886
18, 청년경찰 , 153652 , 19052 , 1906
19, 덕혜옹주 , 94767 , 22255 , 2226
20, 검은 사제들 , 120157 , 20316 , 2032
